Tura,Godzina,Mecz,Wynik,Data
18,13:27,Sztorm Szczecin - Śledzie Gdynia,0:0,2026-06-06 11:30:15
17,13:23,Gwiazda Kraków - Sztorm Szczecin,1:0,2026-06-06 11:30:15
16,13:19,Sztorm Szczecin - Pyry Poznań,0:0,2026-06-06 11:30:15
15,13:16,Sztorm Szczecin - Zieloni Radom,3:0,2026-06-06 11:20:13
14,13:12,Pasy Kraków - Sztorm Szczecin,2:1,2026-06-06 11:20:13
13,13:08,Sztorm Szczecin - Lwy Gdańsk,1:1,2026-06-06 11:20:13
12,13:05,Żyleta W-wa - Sztorm Szczecin,1:0,2026-06-06 11:10:10
11,13:01,Sztorm Szczecin - Wojsko Wrocław,0:1,2026-06-06 11:10:10
10,12:57,Niebiescy Opole - Sztorm Szczecin,1:3,2026-06-06 11:00:18
9,12:54,Sztorm Szczecin - Rycerze Łódź,2:0,2026-06-06 11:00:18
8,12:50,Sztorm Szczecin - Miedź Lubin,0:1,2026-06-06 11:00:18
7,12:46,Mutra Lublin - Sztorm Szczecin,1:1,2026-06-06 10:50:12
6,12:43,Sztorm Szczecin - Oponki Olsztyn,3:0,2026-06-06 10:50:12
5,12:39,Koguty Zabrze - Sztorm Szczecin,0:3,2026-06-06 10:50:12
4,12:35,Sztorm Szczecin - Biała Białystok,0:1,2026-06-06 10:40:12
3,12:32,Śledzie Gdynia - Sztorm Szczecin,2:0,2026-06-06 10:40:12
2,12:28,Sztorm Szczecin - Gwiazda Kraków,2:3,2026-06-06 10:40:12
1,12:24,Pyry Poznań - Sztorm Szczecin,3:1,2026-06-06 10:30:11
30,12:19,Zieloni Radom - Sztorm Szczecin,0:0,2026-06-06 10:30:11
29,12:15,Pyry Poznań - Sztorm Szczecin,0:1,2026-06-06 10:20:11
28,12:11,Sztorm Szczecin - Pasy Kraków,1:2,2026-06-06 10:20:11
27,12:08,Mutra Lublin - Sztorm Szczecin,0:1,2026-06-06 10:20:11
26,12:04,Sztorm Szczecin - Lwy Gdańsk,1:2,2026-06-06 10:10:11
25,12:00,Miedź Lubin - Sztorm Szczecin,2:1,2026-06-06 10:10:11
24,11:57,Sztorm Szczecin - Wojsko Wrocław,0:0,2026-06-06 10:00:11
23,11:53,Koguty Zabrze - Sztorm Szczecin,2:0,2026-06-06 10:00:11
22,11:49,Sztorm Szczecin - Niebiescy Opole,2:1,2026-06-06 10:00:11
21,11:46,Biała Białystok - Sztorm Szczecin,3:2,2026-06-06 09:50:12
20,11:42,Sztorm Szczecin - Rycerze Łódź,2:2,2026-06-06 09:50:12
19,11:38,Gwiazda Kraków - Sztorm Szczecin,4:0,2026-06-06 09:50:12
18,11:35,Sztorm Szczecin - Oponki Olsztyn,1:1,2026-06-06 09:40:10
17,11:31,Śledzie Gdynia - Sztorm Szczecin,0:0,2026-06-06 09:40:10
16,11:27,Sztorm Szczecin - Żyleta W-wa,1:0,2026-06-06 09:30:11
15,11:24,Sztorm Szczecin - Zieloni Radom,1:0,2026-06-06 09:30:11
14,11:20,Sztorm Szczecin - Pyry Poznań,0:2,2026-06-06 09:30:11
13,11:16,Pasy Kraków - Sztorm Szczecin,1:1,2026-06-06 09:20:10
12,11:13,Sztorm Szczecin - Mutra Lublin,2:1,2026-06-06 09:20:10
11,11:09,Lwy Gdańsk - Sztorm Szczecin,3:0,2026-06-06 09:20:10
10,11:05,Sztorm Szczecin - Miedź Lubin,2:2,2026-06-06 09:10:11
9,11:02,Wojsko Wrocław - Sztorm Szczecin,1:1,2026-06-06 09:10:11
8,10:58,Sztorm Szczecin - Koguty Zabrze,1:1,2026-06-06 09:10:11
7,10:54,Niebiescy Opole - Sztorm Szczecin,1:1,2026-06-06 09:00:10
6,10:51,Sztorm Szczecin - Biała Białystok,0:5,2026-06-06 09:00:10
5,10:47,Rycerze Łódź - Sztorm Szczecin,0:1,2026-06-06 08:50:11
4,10:43,Sztorm Szczecin - Gwiazda Kraków,1:0,2026-06-06 08:50:11
3,10:40,Oponki Olsztyn - Sztorm Szczecin,0:2,2026-06-06 08:50:11
2,10:36,Sztorm Szczecin - Śledzie Gdynia,0:0,2026-06-06 08:40:11
1,10:32,Żyleta W-wa - Sztorm Szczecin,1:1,2026-06-06 08:40:11
30,10:27,Śledzie Gdynia - Sztorm Szczecin,1:0,2026-06-06 08:30:14
29,10:23,Sztorm Szczecin - Oponki Olsztyn,1:0,2026-06-06 08:30:14
28,10:19,Pasy Kraków - Sztorm Szczecin,2:2,2026-06-06 08:30:14
27,10:16,Sztorm Szczecin - Gwiazda Kraków,1:1,2026-06-06 08:20:10
26,10:12,Miedź Lubin - Sztorm Szczecin,1:1,2026-06-06 08:20:10
25,10:08,Rycerze Łódź - Sztorm Szczecin,1:0,2026-06-06 08:20:10
24,10:05,Sztorm Szczecin - Zieloni Radom,2:0,2026-06-06 08:10:11
23,10:01,Niebiescy Opole - Sztorm Szczecin,1:2,2026-06-06 08:10:11
22,09:57,Sztorm Szczecin - Wojsko Wrocław,3:0,2026-06-06 08:00:11
21,09:54,Mutra Lublin - Sztorm Szczecin,0:2,2026-06-06 08:00:11
20,09:50,Sztorm Szczecin - Koguty Zabrze,3:1,2026-06-06 08:00:11
19,09:46,Lwy Gdańsk - Sztorm Szczecin,2:0,2026-06-06 07:50:13
18,09:43,Sztorm Szczecin - Pyry Poznań,3:0,2026-06-06 07:50:13
17,09:39,Biała Białystok - Sztorm Szczecin,3:0,2026-06-06 07:50:13
16,09:35,Sztorm Szczecin - Żyleta W-wa,1:1,2026-06-06 07:40:11
15,09:32,Sztorm Szczecin - Śledzie Gdynia,1:3,2026-06-06 07:40:11
14,09:28,Oponki Olsztyn - Sztorm Szczecin,2:1,2026-06-06 07:40:11
13,09:24,Sztorm Szczecin - Pasy Kraków,1:2,2026-06-06 07:30:15
12,09:21,Gwiazda Kraków - Sztorm Szczecin,1:0,2026-06-06 07:30:15
11,09:17,Sztorm Szczecin - Miedź Lubin,2:1,2026-06-06 07:20:10
10,09:13,Sztorm Szczecin - Rycerze Łódź,0:0,2026-06-06 07:20:10
9,09:10,Zieloni Radom - Sztorm Szczecin,0:0,2026-06-06 07:20:10
8,09:06,Sztorm Szczecin - Niebiescy Opole,1:0,2026-06-06 07:10:11
7,09:02,Wojsko Wrocław - Sztorm Szczecin,2:1,2026-06-06 07:10:11
6,08:59,Sztorm Szczecin - Mutra Lublin,2:0,2026-06-06 07:10:11
5,08:55,Koguty Zabrze - Sztorm Szczecin,1:1,2026-06-06 07:00:10
4,08:51,Sztorm Szczecin - Lwy Gdańsk,2:0,2026-06-06 07:00:10
3,08:48,Pyry Poznań - Sztorm Szczecin,0:2,2026-06-06 07:00:10
2,08:44,Sztorm Szczecin - Biała Białystok,0:0,2026-06-06 06:50:12
1,08:40,Żyleta W-wa - Sztorm Szczecin,4:2,2026-06-06 06:50:12
30,08:35,Biała Białystok - Sztorm Szczecin,3:4,2026-06-06 06:40:10
29,08:31,Sztorm Szczecin - Rycerze Łódź,1:0,2026-06-06 06:40:10
28,08:27,Koguty Zabrze - Sztorm Szczecin,1:1,2026-06-06 06:30:10
27,08:24,Sztorm Szczecin - Mutra Lublin,1:1,2026-06-06 06:30:10
26,08:20,Miedź Lubin - Sztorm Szczecin,2:0,2026-06-06 06:30:10
25,08:16,Sztorm Szczecin - Wojsko Wrocław,1:1,2026-06-06 06:20:10
24,08:13,Gwiazda Kraków - Sztorm Szczecin,3:1,2026-06-06 06:20:10
23,08:09,Sztorm Szczecin - Pasy Kraków,2:1,2026-06-06 06:20:10
22,08:05,Pyry Poznań - Sztorm Szczecin,2:4,2026-06-06 06:10:09
21,08:02,Sztorm Szczecin - Śledzie Gdynia,1:2,2026-06-06 06:10:09
20,07:58,Niebiescy Opole - Sztorm Szczecin,0:1,2026-06-06 06:10:09
19,07:54,Żyleta W-wa - Sztorm Szczecin,4:0,2026-06-06 06:00:14
18,07:51,Sztorm Szczecin - Oponki Olsztyn,2:0,2026-06-06 06:00:14
17,07:47,Zieloni Radom - Sztorm Szczecin,1:2,2026-06-06 05:50:11
16,07:43,Sztorm Szczecin - Lwy Gdańsk,0:0,2026-06-06 05:50:11
15,07:40,Sztorm Szczecin - Biała Białystok,2:1,2026-06-06 05:50:11
14,07:36,Rycerze Łódź - Sztorm Szczecin,1:0,2026-06-06 05:40:11
13,07:32,Sztorm Szczecin - Koguty Zabrze,0:2,2026-06-06 05:40:11
12,07:29,Mutra Lublin - Sztorm Szczecin,1:2,2026-06-06 05:40:11
11,07:25,Sztorm Szczecin - Miedź Lubin,0:0,2026-06-06 05:30:14
10,07:21,Wojsko Wrocław - Sztorm Szczecin,2:1,2026-06-06 05:30:14
9,07:18,Sztorm Szczecin - Gwiazda Kraków,0:2,2026-06-06 05:30:14
8,07:14,Pasy Kraków - Sztorm Szczecin,1:1,2026-06-06 05:20:10
7,07:10,Sztorm Szczecin - Pyry Poznań,1:0,2026-06-06 05:20:10
6,07:07,Śledzie Gdynia - Sztorm Szczecin,0:0,2026-06-06 05:10:11
5,07:03,Sztorm Szczecin - Niebiescy Opole,0:0,2026-06-06 05:10:11
4,06:59,Sztorm Szczecin - Żyleta W-wa,0:1,2026-06-06 05:10:11
3,06:56,Oponki Olsztyn - Sztorm Szczecin,0:0,2026-06-06 05:00:14
2,06:52,Sztorm Szczecin - Zieloni Radom,2:0,2026-06-06 05:00:14
1,06:48,Lwy Gdańsk - Sztorm Szczecin,0:0,2026-06-06 05:00:14
30,06:43,Żyleta W-wa - Sztorm Szczecin,5:1,2026-06-06 04:50:11
29,06:39,Sztorm Szczecin - Mutra Lublin,2:0,2026-06-06 04:50:11
28,06:35,Rycerze Łódź - Sztorm Szczecin,0:1,2026-06-06 04:40:09
27,06:32,Sztorm Szczecin - Koguty Zabrze,0:1,2026-06-06 04:40:09
26,06:28,Pasy Kraków - Sztorm Szczecin,2:1,2026-06-06 04:40:09
25,06:24,Sztorm Szczecin - Gwiazda Kraków,0:2,2026-06-06 04:30:15
24,06:21,Biała Białystok - Sztorm Szczecin,2:0,2026-06-06 04:30:15
23,06:17,Sztorm Szczecin - Miedź Lubin,0:1,2026-06-06 04:20:10
22,06:13,Wojsko Wrocław - Sztorm Szczecin,1:1,2026-06-06 04:20:10
21,06:10,Sztorm Szczecin - Zieloni Radom,3:0,2026-06-06 04:20:10
20,06:06,Oponki Olsztyn - Sztorm Szczecin,0:2,2026-06-06 04:10:10
19,06:02,Lwy Gdańsk - Sztorm Szczecin,0:1,2026-06-06 04:10:10
18,05:59,Sztorm Szczecin - Niebiescy Opole,1:1,2026-06-06 04:10:10
17,05:55,Śledzie Gdynia - Sztorm Szczecin,1:1,2026-06-06 04:00:12
16,05:51,Sztorm Szczecin - Pyry Poznań,0:0,2026-06-06 04:00:12
15,05:48,Sztorm Szczecin - Żyleta W-wa,1:0,2026-06-06 04:00:12
14,05:44,Mutra Lublin - Sztorm Szczecin,2:0,2026-06-06 03:50:12
13,05:40,Sztorm Szczecin - Rycerze Łódź,2:2,2026-06-06 03:50:12
12,05:37,Koguty Zabrze - Sztorm Szczecin,5:1,2026-06-06 03:40:11
11,05:33,Sztorm Szczecin - Pasy Kraków,0:0,2026-06-06 03:40:11
10,05:29,Gwiazda Kraków - Sztorm Szczecin,2:1,2026-06-06 03:40:11
9,05:26,Sztorm Szczecin - Biała Białystok,3:1,2026-06-06 03:30:12
8,05:22,Miedź Lubin - Sztorm Szczecin,1:0,2026-06-06 03:30:12
7,05:18,Sztorm Szczecin - Wojsko Wrocław,2:3,2026-06-06 03:30:12
6,05:15,Zieloni Radom - Sztorm Szczecin,0:0,2026-06-06 03:20:10
5,05:11,Sztorm Szczecin - Oponki Olsztyn,2:2,2026-06-06 03:20:10
4,05:07,Sztorm Szczecin - Lwy Gdańsk,0:4,2026-06-06 03:10:13
3,05:04,Niebiescy Opole - Sztorm Szczecin,0:2,2026-06-06 03:10:13
2,05:00,Sztorm Szczecin - Śledzie Gdynia,0:0,2026-06-06 03:10:13
1,04:56,Pyry Poznań - Sztorm Szczecin,3:1,2026-06-06 03:00:19
30,04:51,Sztorm Szczecin - Żyleta W-wa,0:1,2026-06-06 03:00:19
29,04:47,Oponki Olsztyn - Sztorm Szczecin,1:1,2026-06-06 02:50:11
28,04:43,Sztorm Szczecin - Biała Białystok,1:2,2026-06-06 02:50:11
27,04:40,Sztorm Szczecin - Pasy Kraków,3:2,2026-06-06 02:50:11
26,04:36,Wojsko Wrocław - Sztorm Szczecin,0:1,2026-06-06 02:40:10
25,04:32,Sztorm Szczecin - Mutra Lublin,1:2,2026-06-06 02:40:10
24,04:29,Gwiazda Kraków - Sztorm Szczecin,3:1,2026-06-06 02:40:10
23,04:25,Sztorm Szczecin - Lwy Gdańsk,2:1,2026-06-06 02:30:10
22,04:21,Zieloni Radom - Sztorm Szczecin,0:4,2026-06-06 02:30:10
21,04:18,Sztorm Szczecin - Miedź Lubin,2:2,2026-06-06 02:30:10
20,04:14,Rycerze Łódź - Sztorm Szczecin,0:0,2026-06-06 02:20:11
19,04:10,Sztorm Szczecin - Pyry Poznań,1:0,2026-06-06 02:20:11
18,04:07,Niebiescy Opole - Sztorm Szczecin,1:0,2026-06-06 02:10:10
17,04:03,Sztorm Szczecin - Śledzie Gdynia,1:2,2026-06-06 02:10:10
16,03:59,Koguty Zabrze - Sztorm Szczecin,0:1,2026-06-06 02:10:10
15,03:56,Żyleta W-wa - Sztorm Szczecin,1:2,2026-06-06 02:00:21
14,03:52,Sztorm Szczecin - Oponki Olsztyn,0:2,2026-06-06 02:00:21
13,03:48,Biała Białystok - Sztorm Szczecin,0:1,2026-06-06 02:00:21
12,03:45,Pasy Kraków - Sztorm Szczecin,2:1,2026-06-06 01:50:10
11,03:41,Sztorm Szczecin - Wojsko Wrocław,3:0,2026-06-06 01:50:10
10,03:37,Mutra Lublin - Sztorm Szczecin,1:1,2026-06-06 01:40:09
9,03:34,Sztorm Szczecin - Gwiazda Kraków,0:1,2026-06-06 01:40:09
8,03:30,Lwy Gdańsk - Sztorm Szczecin,1:0,2026-06-06 01:40:09
7,03:26,Sztorm Szczecin - Zieloni Radom,1:0,2026-06-06 01:30:11
6,03:23,Miedź Lubin - Sztorm Szczecin,1:2,2026-06-06 01:30:11
5,03:19,Sztorm Szczecin - Rycerze Łódź,1:0,2026-06-06 01:30:11
4,03:15,Pyry Poznań - Sztorm Szczecin,0:0,2026-06-06 01:20:11
3,03:12,Sztorm Szczecin - Niebiescy Opole,2:1,2026-06-06 01:20:11
2,03:08,Śledzie Gdynia - Sztorm Szczecin,2:0,2026-06-06 01:20:11
1,03:04,Sztorm Szczecin - Koguty Zabrze,0:0,2026-06-06 01:10:08
30,02:59,Gwiazda Kraków - Sztorm Szczecin,1:0,2026-06-06 01:10:08
29,02:55,Sztorm Szczecin - Koguty Zabrze,2:0,2026-06-06 01:00:09
28,02:51,Pasy Kraków - Sztorm Szczecin,2:0,2026-06-06 01:00:09
27,02:48,Sztorm Szczecin - Oponki Olsztyn,0:1,2026-06-06 01:00:09
26,02:44,Zieloni Radom - Sztorm Szczecin,0:2,2026-06-06 00:50:09
25,02:40,Sztorm Szczecin - Mutra Lublin,2:0,2026-06-06 00:50:09
24,02:37,Pyry Poznań - Sztorm Szczecin,1:1,2026-06-06 00:40:11
23,02:33,Sztorm Szczecin - Biała Białystok,0:1,2026-06-06 00:40:11
22,02:29,Niebiescy Opole - Sztorm Szczecin,1:1,2026-06-06 00:40:11
21,02:26,Miedź Lubin - Sztorm Szczecin,2:0,2026-06-06 00:30:11
20,02:22,Sztorm Szczecin - Lwy Gdańsk,0:2,2026-06-06 00:30:11
19,02:18,Żyleta W-wa - Sztorm Szczecin,2:0,2026-06-06 00:30:11
18,02:15,Sztorm Szczecin - Śledzie Gdynia,1:0,2026-06-06 00:20:10
17,02:11,Wojsko Wrocław - Sztorm Szczecin,2:1,2026-06-06 00:20:10
16,02:07,Sztorm Szczecin - Rycerze Łódź,5:1,2026-06-06 00:10:12
15,02:04,Sztorm Szczecin - Gwiazda Kraków,0:0,2026-06-06 00:10:12
14,02:00,Koguty Zabrze - Sztorm Szczecin,1:1,2026-06-06 00:10:12
13,01:56,Sztorm Szczecin - Pasy Kraków,2:1,2026-06-06 00:00:11
12,01:53,Oponki Olsztyn - Sztorm Szczecin,1:2,2026-06-06 00:00:11
11,01:49,Sztorm Szczecin - Zieloni Radom,3:2,2026-06-06 00:00:11
10,01:45,Mutra Lublin - Sztorm Szczecin,2:4,2026-06-05 23:50:12
9,01:42,Sztorm Szczecin - Pyry Poznań,1:1,2026-06-05 23:50:12
8,01:38,Biała Białystok - Sztorm Szczecin,4:0,2026-06-05 23:50:12
7,01:34,Sztorm Szczecin - Niebiescy Opole,1:0,2026-06-05 23:40:10
6,01:31,Sztorm Szczecin - Miedź Lubin,0:0,2026-06-05 23:40:10
5,01:27,Lwy Gdańsk - Sztorm Szczecin,2:0,2026-06-05 23:30:10
4,01:23,Sztorm Szczecin - Żyleta W-wa,3:1,2026-06-05 23:30:10
3,01:20,Śledzie Gdynia - Sztorm Szczecin,1:0,2026-06-05 23:30:10
2,01:16,Sztorm Szczecin - Wojsko Wrocław,0:3,2026-06-05 23:20:14
1,01:12,Rycerze Łódź - Sztorm Szczecin,0:2,2026-06-05 23:20:14
30,01:07,Zieloni Radom - Sztorm Szczecin,2:0,2026-06-05 23:10:10
29,01:03,Sztorm Szczecin - Mutra Lublin,1:1,2026-06-05 23:10:10
28,00:59,Żyleta W-wa - Sztorm Szczecin,4:2,2026-06-05 23:10:10
27,00:56,Sztorm Szczecin - Lwy Gdańsk,1:0,2026-06-05 23:00:17
26,00:52,Niebiescy Opole - Sztorm Szczecin,0:1,2026-06-05 23:00:17
25,00:48,Sztorm Szczecin - Wojsko Wrocław,2:4,2026-06-05 23:00:17
24,00:45,Pasy Kraków - Sztorm Szczecin,1:2,2026-06-05 22:50:12
23,00:41,Sztorm Szczecin - Oponki Olsztyn,2:0,2026-06-05 22:50:12
22,00:37,Koguty Zabrze - Sztorm Szczecin,3:2,2026-06-05 22:40:09
21,00:34,Sztorm Szczecin - Pyry Poznań,0:1,2026-06-05 22:40:09
20,00:30,Miedź Lubin - Sztorm Szczecin,0:1,2026-06-05 22:40:09
19,00:26,Śledzie Gdynia - Sztorm Szczecin,2:1,2026-06-05 22:30:12
18,00:23,Sztorm Szczecin - Biała Białystok,1:1,2026-06-05 22:30:12
17,00:19,Gwiazda Kraków - Sztorm Szczecin,0:0,2026-06-05 22:30:12
16,00:15,Sztorm Szczecin - Rycerze Łódź,2:2,2026-06-05 22:20:11
15,00:12,Sztorm Szczecin - Zieloni Radom,2:0,2026-06-05 22:20:11
14,00:08,Mutra Lublin - Sztorm Szczecin,0:1,2026-06-05 22:20:11
13,00:04,Sztorm Szczecin - Żyleta W-wa,0:4,2026-06-05 22:10:11
12,00:01,Lwy Gdańsk - Sztorm Szczecin,3:1,2026-06-05 22:10:11
11,23:57,Sztorm Szczecin - Niebiescy Opole,2:0,2026-06-05 22:00:11
10,23:53,Wojsko Wrocław - Sztorm Szczecin,0:0,2026-06-05 22:00:11
9,23:50,Sztorm Szczecin - Pasy Kraków,3:2,2026-06-05 22:00:11
8,23:46,Oponki Olsztyn - Sztorm Szczecin,0:2,2026-06-05 21:50:11
7,23:42,Sztorm Szczecin - Koguty Zabrze,1:1,2026-06-05 21:50:11
6,23:39,Pyry Poznań - Sztorm Szczecin,0:1,2026-06-05 21:50:11
5,23:35,Sztorm Szczecin - Miedź Lubin,1:1,2026-06-05 21:40:12
4,23:31,Sztorm Szczecin - Śledzie Gdynia,1:0,2026-06-05 21:40:12
3,23:28,Biała Białystok - Sztorm Szczecin,0:0,2026-06-05 21:40:12
2,23:24,Sztorm Szczecin - Gwiazda Kraków,2:1,2026-06-05 21:30:12
1,23:20,Rycerze Łódź - Sztorm Szczecin,0:0,2026-06-05 21:30:12
30,23:15,Mutra Lublin - Sztorm Szczecin,1:1,2026-06-05 21:20:12
29,23:11,Sztorm Szczecin - Wojsko Wrocław,1:1,2026-06-05 21:20:12
28,23:07,Miedź Lubin - Sztorm Szczecin,0:1,2026-06-05 21:10:13
27,23:04,Pasy Kraków - Sztorm Szczecin,1:1,2026-06-05 21:10:13
26,23:00,Sztorm Szczecin - Rycerze Łódź,0:1,2026-06-05 21:10:13
25,22:56,Pyry Poznań - Sztorm Szczecin,1:1,2026-06-05 21:00:16
24,22:53,Sztorm Szczecin - Zieloni Radom,1:0,2026-06-05 21:00:16
23,22:49,Gwiazda Kraków - Sztorm Szczecin,1:2,2026-06-05 21:00:16
22,22:45,Sztorm Szczecin - Śledzie Gdynia,1:1,2026-06-05 20:50:10
21,22:42,Niebiescy Opole - Sztorm Szczecin,0:1,2026-06-05 20:50:10
20,22:38,Sztorm Szczecin - Koguty Zabrze,0:1,2026-06-05 20:50:10
19,22:34,Biała Białystok - Sztorm Szczecin,2:1,2026-06-05 20:40:15
18,22:31,Sztorm Szczecin - Żyleta W-wa,0:1,2026-06-05 20:40:15
17,22:27,Oponki Olsztyn - Sztorm Szczecin,0:0,2026-06-05 20:30:10
16,22:23,Sztorm Szczecin - Lwy Gdańsk,1:1,2026-06-05 20:30:10
15,22:20,Sztorm Szczecin - Mutra Lublin,1:1,2026-06-05 20:30:10
14,22:16,Wojsko Wrocław - Sztorm Szczecin,2:1,2026-06-05 20:20:11
13,22:12,Sztorm Szczecin - Miedź Lubin,2:1,2026-06-05 20:20:11
12,22:09,Sztorm Szczecin - Pasy Kraków,2:0,2026-06-05 20:20:11
11,22:05,Rycerze Łódź - Sztorm Szczecin,1:0,2026-06-05 20:10:10
10,22:01,Sztorm Szczecin - Pyry Poznań,0:2,2026-06-05 20:10:10
9,21:58,Zieloni Radom - Sztorm Szczecin,0:1,2026-06-05 20:10:10
8,21:54,Sztorm Szczecin - Gwiazda Kraków,1:0,2026-06-05 20:00:10
7,21:50,Śledzie Gdynia - Sztorm Szczecin,2:0,2026-06-05 20:00:10
6,21:47,Sztorm Szczecin - Niebiescy Opole,2:0,2026-06-05 19:50:11
5,21:43,Koguty Zabrze - Sztorm Szczecin,1:1,2026-06-05 19:50:11
4,21:39,Sztorm Szczecin - Biała Białystok,0:2,2026-06-05 19:50:11
3,21:36,Żyleta W-wa - Sztorm Szczecin,3:0,2026-06-05 19:40:10
2,21:32,Sztorm Szczecin - Oponki Olsztyn,4:0,2026-06-05 19:40:10
1,21:28,Lwy Gdańsk - Sztorm Szczecin,2:1,2026-06-05 19:40:10
30,21:23,Koguty Zabrze - Sztorm Szczecin,0:2,2026-06-05 19:30:12
29,21:19,Sztorm Szczecin - Rycerze Łódź,2:1,2026-06-05 19:30:12
28,21:15,Pyry Poznań - Sztorm Szczecin,3:0,2026-06-05 19:20:12
27,21:12,Śledzie Gdynia - Sztorm Szczecin,1:0,2026-06-05 19:20:12
26,21:08,Sztorm Szczecin - Miedź Lubin,1:1,2026-06-05 19:20:12
25,21:04,Biała Białystok - Sztorm Szczecin,2:1,2026-06-05 19:10:12
24,21:01,Sztorm Szczecin - Wojsko Wrocław,1:2,2026-06-05 19:10:12
23,20:57,Pasy Kraków - Sztorm Szczecin,1:1,2026-06-05 19:00:13
22,20:53,Sztorm Szczecin - Oponki Olsztyn,2:0,2026-06-05 19:00:13
21,20:50,Lwy Gdańsk - Sztorm Szczecin,0:1,2026-06-05 19:00:13
20,20:46,Sztorm Szczecin - Gwiazda Kraków,2:0,2026-06-05 18:50:10
19,20:42,Niebiescy Opole - Sztorm Szczecin,0:4,2026-06-05 18:50:10
18,20:39,Sztorm Szczecin - Żyleta W-wa,0:2,2026-06-05 18:50:10
17,20:35,Zieloni Radom - Sztorm Szczecin,0:0,2026-06-05 18:40:11
16,20:31,Sztorm Szczecin - Mutra Lublin,1:0,2026-06-05 18:40:11
15,20:28,Sztorm Szczecin - Koguty Zabrze,0:1,2026-06-05 18:40:11
14,20:24,Rycerze Łódź - Sztorm Szczecin,0:0,2026-06-05 18:30:16
13,20:20,Sztorm Szczecin - Pyry Poznań,1:0,2026-06-05 18:30:16
12,20:17,Sztorm Szczecin - Śledzie Gdynia,2:0,2026-06-05 18:20:12
11,20:13,Miedź Lubin - Sztorm Szczecin,2:1,2026-06-05 18:20:12
10,20:09,Sztorm Szczecin - Biała Białystok,2:1,2026-06-05 18:20:12
9,20:06,Wojsko Wrocław - Sztorm Szczecin,0:3,2026-06-05 18:10:14
8,20:02,Sztorm Szczecin - Pasy Kraków,1:0,2026-06-05 18:10:14
7,19:58,Oponki Olsztyn - Sztorm Szczecin,1:2,2026-06-05 18:10:14
6,19:55,Sztorm Szczecin - Lwy Gdańsk,0:0,2026-06-05 18:00:13
5,19:51,Gwiazda Kraków - Sztorm Szczecin,0:0,2026-06-05 18:00:13
4,19:47,Sztorm Szczecin - Niebiescy Opole,2:1,2026-06-05 17:50:12
3,19:44,Żyleta W-wa - Sztorm Szczecin,1:1,2026-06-05 17:50:12
2,19:40,Sztorm Szczecin - Zieloni Radom,2:1,2026-06-05 17:50:12
1,19:36,Mutra Lublin - Sztorm Szczecin,1:2,2026-06-05 17:40:09
30,19:31,Sztorm Szczecin - Niebiescy Opole,3:2,2026-06-05 17:40:09
29,19:27,Oponki Olsztyn - Sztorm Szczecin,1:2,2026-06-05 17:30:18
28,19:23,Sztorm Szczecin - Pasy Kraków,2:1,2026-06-05 17:30:18
27,19:20,Mutra Lublin - Sztorm Szczecin,0:1,2026-06-05 17:30:18
26,19:16,Sztorm Szczecin - Lwy Gdańsk,0:1,2026-06-05 17:20:11
25,19:12,Żyleta W-wa - Sztorm Szczecin,1:2,2026-06-05 17:20:11
24,19:09,Sztorm Szczecin - Śledzie Gdynia,2:1,2026-06-05 17:20:11
23,19:05,Miedź Lubin - Sztorm Szczecin,1:2,2026-06-05 17:10:12
22,19:01,Sztorm Szczecin - Pyry Poznań,1:1,2026-06-05 17:10:12
21,18:58,Wojsko Wrocław - Sztorm Szczecin,1:0,2026-06-05 17:10:12
20,18:54,Sztorm Szczecin - Biała Białystok,0:0,2026-06-05 17:00:12
19,18:50,Rycerze Łódź - Sztorm Szczecin,0:2,2026-06-05 17:00:12
18,18:47,Sztorm Szczecin - Zieloni Radom,1:0,2026-06-05 16:50:15
17,18:43,Gwiazda Kraków - Sztorm Szczecin,2:1,2026-06-05 16:50:15
16,18:39,Sztorm Szczecin - Koguty Zabrze,1:2,2026-06-05 16:50:15
15,18:36,Niebiescy Opole - Sztorm Szczecin,1:1,2026-06-05 16:40:12
14,18:32,Sztorm Szczecin - Oponki Olsztyn,0:1,2026-06-05 16:40:12
13,18:28,Pasy Kraków - Sztorm Szczecin,2:1,2026-06-05 16:40:12
12,18:25,Sztorm Szczecin - Mutra Lublin,1:3,2026-06-05 16:30:18
11,18:21,Lwy Gdańsk - Sztorm Szczecin,3:1,2026-06-05 16:30:18
10,18:17,Sztorm Szczecin - Żyleta W-wa,0:2,2026-06-05 16:20:14
9,18:14,Śledzie Gdynia - Sztorm Szczecin,0:1,2026-06-05 16:20:14
8,18:10,Sztorm Szczecin - Miedź Lubin,1:1,2026-06-05 16:20:14
7,18:06,Pyry Poznań - Sztorm Szczecin,3:1,2026-06-05 16:10:12
6,18:03,Sztorm Szczecin - Wojsko Wrocław,1:1,2026-06-05 16:10:12
5,17:59,Biała Białystok - Sztorm Szczecin,3:0,2026-06-05 16:10:12
4,17:55,Sztorm Szczecin - Rycerze Łódź,2:2,2026-06-05 16:00:11
3,17:52,Zieloni Radom - Sztorm Szczecin,0:1,2026-06-05 16:00:11
2,17:48,Sztorm Szczecin - Gwiazda Kraków,2:1,2026-06-05 16:00:11
1,17:44,Koguty Zabrze - Sztorm Szczecin,3:1,2026-06-05 15:50:19
30,17:39,Sztorm Szczecin - Śledzie Gdynia,2:1,2026-06-05 15:50:19
29,17:35,Sztorm Szczecin - Gwiazda Kraków,1:3,2026-06-05 15:40:09
28,17:31,Pasy Kraków - Sztorm Szczecin,0:1,2026-06-05 15:40:09
27,17:28,Sztorm Szczecin - Żyleta W-wa,2:2,2026-06-05 15:40:09
26,17:24,Wojsko Wrocław - Sztorm Szczecin,0:1,2026-06-05 15:30:13
25,17:20,Sztorm Szczecin - Oponki Olsztyn,1:1,2026-06-05 15:30:13
24,17:17,Pyry Poznań - Sztorm Szczecin,3:1,2026-06-05 15:20:12
23,17:13,Sztorm Szczecin - Mutra Lublin,2:0,2026-06-05 15:20:12
22,17:09,Lwy Gdańsk - Sztorm Szczecin,1:0,2026-06-05 15:20:12
21,17:06,Sztorm Szczecin - Zieloni Radom,2:2,2026-06-05 15:20:12
20,17:02,Miedź Lubin - Sztorm Szczecin,1:1,2026-06-05 15:20:12
21,16:06,Sztorm Szczecin - Zieloni Radom,2:2,2026-06-05 15:10:31
20,16:02,Miedź Lubin - Sztorm Szczecin,1:1,2026-06-05 15:10:31
19,15:58,Sztorm Szczecin - Koguty Zabrze,1:0,2026-06-05 15:10:31
18,15:55,Biała Białystok - Sztorm Szczecin,0:0,2026-06-05 15:10:31
17,15:51,Sztorm Szczecin - Rycerze Łódź,1:0,2026-06-05 15:10:31
18,16:55,Biała Białystok - Sztorm Szczecin,0:0,2026-06-05 15:00:22
17,16:51,Sztorm Szczecin - Rycerze Łódź,1:0,2026-06-05 15:00:22
16,16:47,Niebiescy Opole - Sztorm Szczecin,0:1,2026-06-05 14:50:12
15,16:44,Śledzie Gdynia - Sztorm Szczecin,2:0,2026-06-05 14:50:12
14,16:40,Gwiazda Kraków - Sztorm Szczecin,1:0,2026-06-05 14:50:12
13,16:36,Sztorm Szczecin - Pasy Kraków,1:1,2026-06-05 14:40:16
12,16:33,Żyleta W-wa - Sztorm Szczecin,1:0,2026-06-05 14:40:16
11,16:29,Sztorm Szczecin - Wojsko Wrocław,3:0,2026-06-05 14:40:16
10,16:25,Oponki Olsztyn - Sztorm Szczecin,2:2,2026-06-05 14:30:16
9,16:22,Sztorm Szczecin - Pyry Poznań,1:1,2026-06-05 14:30:16
8,16:18,Mutra Lublin - Sztorm Szczecin,3:0,2026-06-05 14:30:16
7,16:14,Sztorm Szczecin - Lwy Gdańsk,0:2,2026-06-05 14:20:16
6,16:11,Zieloni Radom - Sztorm Szczecin,0:1,2026-06-05 14:20:16
5,16:07,Sztorm Szczecin - Miedź Lubin,0:0,2026-06-05 14:10:13
4,16:03,Koguty Zabrze - Sztorm Szczecin,3:2,2026-06-05 14:10:13
3,16:00,Sztorm Szczecin - Biała Białystok,1:1,2026-06-05 14:10:13
2,15:56,Rycerze Łódź - Sztorm Szczecin,0:1,2026-06-05 14:00:44
1,15:52,Sztorm Szczecin - Niebiescy Opole,0:1,2026-06-05 14:00:44
30,15:47,Sztorm Szczecin - Koguty Zabrze,2:1,2026-06-05 13:50:15
29,15:43,Żyleta W-wa - Sztorm Szczecin,2:1,2026-06-05 13:50:15
28,15:39,Sztorm Szczecin - Lwy Gdańsk,1:0,2026-06-05 13:50:15
27,15:36,Pasy Kraków - Sztorm Szczecin,1:2,2026-06-05 13:40:11
26,15:32,Sztorm Szczecin - Wojsko Wrocław,1:0,2026-06-05 13:40:11
25,15:28,Oponki Olsztyn - Sztorm Szczecin,4:1,2026-06-05 13:40:11
24,15:25,Sztorm Szczecin - Śledzie Gdynia,1:1,2026-06-05 13:30:15
23,15:21,Mutra Lublin - Sztorm Szczecin,0:1,2026-06-05 13:30:15
22,15:17,Sztorm Szczecin - Gwiazda Kraków,2:3,2026-06-05 13:20:15
21,15:14,Biała Białystok - Sztorm Szczecin,6:0,2026-06-05 13:20:15
20,15:10,Sztorm Szczecin - Niebiescy Opole,4:1,2026-06-05 13:20:15
19,15:06,Zieloni Radom - Sztorm Szczecin,0:2,2026-06-05 13:10:16
18,15:03,Sztorm Szczecin - Miedź Lubin,0:2,2026-06-05 13:10:16
17,14:59,Sztorm Szczecin - Rycerze Łódź,2:0,2026-06-05 13:10:16
16,14:55,Pyry Poznań - Sztorm Szczecin,0:0,2026-06-05 13:00:11
15,14:52,Koguty Zabrze - Sztorm Szczecin,1:1,2026-06-05 13:00:11
14,14:48,Sztorm Szczecin - Żyleta W-wa,1:0,2026-06-05 13:00:11
13,14:44,Lwy Gdańsk - Sztorm Szczecin,0:1,2026-06-05 12:50:29
12,14:41,Sztorm Szczecin - Pasy Kraków,1:0,2026-06-05 12:50:29
11,14:37,Wojsko Wrocław - Sztorm Szczecin,2:0,2026-06-05 12:40:17
10,14:33,Sztorm Szczecin - Oponki Olsztyn,1:0,2026-06-05 12:40:17
9,14:30,Śledzie Gdynia - Sztorm Szczecin,0:0,2026-06-05 12:40:17
8,14:26,Sztorm Szczecin - Mutra Lublin,1:1,2026-06-05 12:30:20
7,14:22,Gwiazda Kraków - Sztorm Szczecin,1:1,2026-06-05 12:30:20
6,14:19,Sztorm Szczecin - Biała Białystok,1:2,2026-06-05 12:30:20
5,14:15,Niebiescy Opole - Sztorm Szczecin,1:2,2026-06-05 12:20:13
4,14:11,Sztorm Szczecin - Zieloni Radom,4:0,2026-06-05 12:20:13
3,14:08,Miedź Lubin - Sztorm Szczecin,4:1,2026-06-05 12:10:27
2,14:04,Rycerze Łódź - Sztorm Szczecin,1:2,2026-06-05 12:10:27
1,14:00,Sztorm Szczecin - Pyry Poznań,1:1,2026-06-05 12:10:27
30,13:55,Pasy Kraków - Sztorm Szczecin,0:1,2026-06-05 12:00:33
29,13:51,Sztorm Szczecin - Wojsko Wrocław,1:2,2026-06-05 12:00:33
28,13:47,Koguty Zabrze - Sztorm Szczecin,0:1,2026-06-05 11:50:16
27,13:44,Zieloni Radom - Sztorm Szczecin,3:2,2026-06-05 11:50:16
26,13:40,Sztorm Szczecin - Rycerze Łódź,0:1,2026-06-05 11:50:16
25,13:36,Śledzie Gdynia - Sztorm Szczecin,2:1,2026-06-05 11:40:24
24,13:33,Sztorm Szczecin - Żyleta W-wa,2:0,2026-06-05 11:40:24
23,13:29,Mutra Lublin - Sztorm Szczecin,1:1,2026-06-05 11:40:24
22,13:25,Sztorm Szczecin - Oponki Olsztyn,3:0,2026-06-05 11:30:23
21,13:22,Biała Białystok - Sztorm Szczecin,0:1,2026-06-05 11:30:23
20,13:18,Sztorm Szczecin - Lwy Gdańsk,1:2,2026-06-05 11:30:23
19,13:14,Niebiescy Opole - Sztorm Szczecin,1:2,2026-06-05 11:20:18
18,13:11,Sztorm Szczecin - Gwiazda Kraków,1:2,2026-06-05 11:20:18
17,13:07,Miedź Lubin - Sztorm Szczecin,0:0,2026-06-05 11:10:23
16,13:03,Sztorm Szczecin - Pyry Poznań,0:0,2026-06-05 11:10:23
15,13:00,Sztorm Szczecin - Pasy Kraków,2:0,2026-06-05 11:10:23
14,12:56,Wojsko Wrocław - Sztorm Szczecin,0:1,2026-06-05 11:00:22
13,12:52,Sztorm Szczecin - Koguty Zabrze,1:1,2026-06-05 11:00:22
12,12:49,Sztorm Szczecin - Zieloni Radom,0:1,2026-06-05 11:00:22
11,12:45,Rycerze Łódź - Sztorm Szczecin,0:1,2026-06-05 10:50:14
10,12:41,Sztorm Szczecin - Śledzie Gdynia,1:1,2026-06-05 10:50:14
9,12:38,Żyleta W-wa - Sztorm Szczecin,3:1,2026-06-05 10:50:14
8,12:34,Sztorm Szczecin - Mutra Lublin,1:2,2026-06-05 10:40:16
7,12:30,Oponki Olsztyn - Sztorm Szczecin,0:2,2026-06-05 10:40:16
6,12:27,Sztorm Szczecin - Biała Białystok,0:1,2026-06-05 10:30:21
5,12:23,Lwy Gdańsk - Sztorm Szczecin,4:0,2026-06-05 10:30:21
4,12:19,Sztorm Szczecin - Niebiescy Opole,1:2,2026-06-05 10:30:21
3,12:16,Gwiazda Kraków - Sztorm Szczecin,4:3,2026-06-05 10:20:16
2,12:12,Sztorm Szczecin - Miedź Lubin,3:1,2026-06-05 10:20:16
1,12:08,Pyry Poznań - Sztorm Szczecin,0:3,2026-06-05 10:20:16
30,12:03,Żyleta W-wa - Sztorm Szczecin,3:2,2026-06-05 10:10:09
29,11:59,Sztorm Szczecin - Mutra Lublin,2:1,2026-06-05 10:10:09
28,11:55,Pyry Poznań - Sztorm Szczecin,1:0,2026-06-05 10:00:15
27,11:52,Koguty Zabrze - Sztorm Szczecin,1:1,2026-06-05 10:00:15
26,11:48,Sztorm Szczecin - Lwy Gdańsk,1:1,2026-06-05 10:00:15
25,11:44,Śledzie Gdynia - Sztorm Szczecin,0:0,2026-06-05 09:50:17
24,11:41,Sztorm Szczecin - Miedź Lubin,0:1,2026-06-05 09:50:17
23,11:37,Oponki Olsztyn - Sztorm Szczecin,2:1,2026-06-05 09:40:09
22,11:33,Sztorm Szczecin - Rycerze Łódź,3:0,2026-06-05 09:40:09
21,11:30,Gwiazda Kraków - Sztorm Szczecin,1:0,2026-06-05 09:40:09
20,11:26,Sztorm Szczecin - Zieloni Radom,1:1,2026-06-05 09:30:26
19,11:22,Biała Białystok - Sztorm Szczecin,3:3,2026-06-05 09:30:26
18,11:19,Sztorm Szczecin - Wojsko Wrocław,1:1,2026-06-05 09:30:26
17,11:15,Niebiescy Opole - Sztorm Szczecin,0:0,2026-06-05 09:20:14
16,11:11,Sztorm Szczecin - Pasy Kraków,3:1,2026-06-05 09:20:14
15,11:08,Sztorm Szczecin - Żyleta W-wa,0:2,2026-06-05 09:20:14
14,11:04,Mutra Lublin - Sztorm Szczecin,0:0,2026-06-05 09:10:12
13,11:00,Sztorm Szczecin - Pyry Poznań,0:0,2026-06-05 09:10:12
12,10:57,Sztorm Szczecin - Koguty Zabrze,0:0,2026-06-05 09:00:27
11,10:53,Lwy Gdańsk - Sztorm Szczecin,1:0,2026-06-05 09:00:27
10,10:49,Sztorm Szczecin - Śledzie Gdynia,0:2,2026-06-05 09:00:27
9,10:46,Miedź Lubin - Sztorm Szczecin,1:2,2026-06-05 08:50:16
8,10:42,Sztorm Szczecin - Oponki Olsztyn,1:2,2026-06-05 08:50:16
7,10:38,Rycerze Łódź - Sztorm Szczecin,1:0,2026-06-05 08:50:16
6,10:35,Sztorm Szczecin - Gwiazda Kraków,1:2,2026-06-05 08:40:15
5,10:31,Zieloni Radom - Sztorm Szczecin,3:2,2026-06-05 08:40:15
4,10:27,Sztorm Szczecin - Biała Białystok,0:2,2026-06-05 08:30:14
3,10:24,Wojsko Wrocław - Sztorm Szczecin,2:0,2026-06-05 08:30:14
2,10:20,Sztorm Szczecin - Niebiescy Opole,0:2,2026-06-05 08:30:14
1,10:16,Pasy Kraków - Sztorm Szczecin,1:3,2026-06-05 08:20:14
30,10:11,Mutra Lublin - Sztorm Szczecin,1:0,2026-06-05 08:20:14
29,10:07,Sztorm Szczecin - Koguty Zabrze,0:0,2026-06-05 08:10:15
28,10:03,Pasy Kraków - Sztorm Szczecin,2:2,2026-06-05 08:10:15
27,10:00,Sztorm Szczecin - Wojsko Wrocław,1:1,2026-06-05 08:10:15
26,09:56,Oponki Olsztyn - Sztorm Szczecin,2:0,2026-06-05 08:00:58
25,09:52,Sztorm Szczecin - Śledzie Gdynia,1:1,2026-06-05 08:00:58
24,09:49,Lwy Gdańsk - Sztorm Szczecin,3:0,2026-06-05 08:00:58
23,09:45,Gwiazda Kraków - Sztorm Szczecin,0:0,2026-06-05 07:50:14
22,09:41,Sztorm Szczecin - Zieloni Radom,0:0,2026-06-05 07:50:14
21,09:38,Miedź Lubin - Sztorm Szczecin,2:1,2026-06-05 07:50:14
20,09:34,Sztorm Szczecin - Pyry Poznań,2:0,2026-06-05 07:40:15
19,09:30,Rycerze Łódź - Sztorm Szczecin,1:0,2026-06-05 07:40:15
18,09:27,Sztorm Szczecin - Niebiescy Opole,2:1,2026-06-05 07:30:17
17,09:23,Żyleta W-wa - Sztorm Szczecin,2:1,2026-06-05 07:30:17
16,09:19,Sztorm Szczecin - Biała Białystok,1:3,2026-06-05 07:30:17
15,09:16,Sztorm Szczecin - Mutra Lublin,1:0,2026-06-05 07:20:12
14,09:12,Koguty Zabrze - Sztorm Szczecin,2:0,2026-06-05 07:20:12
13,09:08,Sztorm Szczecin - Pasy Kraków,1:1,2026-06-05 07:20:12
12,09:05,Wojsko Wrocław - Sztorm Szczecin,3:0,2026-06-05 07:10:16
11,09:01,Sztorm Szczecin - Oponki Olsztyn,0:0,2026-06-05 07:10:16
10,08:57,Śledzie Gdynia - Sztorm Szczecin,2:1,2026-06-05 07:00:11
9,08:54,Sztorm Szczecin - Lwy Gdańsk,1:0,2026-06-05 07:00:11
8,08:50,Sztorm Szczecin - Gwiazda Kraków,1:1,2026-06-05 07:00:11
7,08:46,Zieloni Radom - Sztorm Szczecin,1:1,2026-06-05 06:50:13
6,08:43,Sztorm Szczecin - Miedź Lubin,0:0,2026-06-05 06:50:13
5,08:39,Pyry Poznań - Sztorm Szczecin,1:2,2026-06-05 06:50:13
4,08:35,Sztorm Szczecin - Rycerze Łódź,2:0,2026-06-05 06:40:15
3,08:32,Niebiescy Opole - Sztorm Szczecin,2:0,2026-06-05 06:40:15
2,08:28,Sztorm Szczecin - Żyleta W-wa,0:1,2026-06-05 06:40:15
1,08:24,Biała Białystok - Sztorm Szczecin,1:2,2026-06-05 06:30:19
30,08:19,Sztorm Szczecin - Pyry Poznań,3:0,2026-06-05 06:30:19
29,08:15,Lwy Gdańsk - Sztorm Szczecin,2:1,2026-06-05 06:20:18
28,08:11,Sztorm Szczecin - Wojsko Wrocław,3:0,2026-06-05 06:20:18
27,08:08,Pasy Kraków - Sztorm Szczecin,1:1,2026-06-05 06:20:18
26,08:04,Sztorm Szczecin - Śledzie Gdynia,0:0,2026-06-05 06:10:13
25,08:00,Żyleta W-wa - Sztorm Szczecin,3:1,2026-06-05 06:10:13
24,07:57,Sztorm Szczecin - Rycerze Łódź,3:0,2026-06-05 06:00:13
23,07:53,Sztorm Szczecin - Mutra Lublin,3:1,2026-06-05 06:00:13
22,07:49,Zieloni Radom - Sztorm Szczecin,1:2,2026-06-05 06:00:13
21,07:46,Sztorm Szczecin - Oponki Olsztyn,2:0,2026-06-05 05:50:15
20,07:42,Niebiescy Opole - Sztorm Szczecin,1:0,2026-06-05 05:50:15
19,07:38,Sztorm Szczecin - Gwiazda Kraków,2:0,2026-06-05 05:50:15
18,07:35,Koguty Zabrze - Sztorm Szczecin,0:3,2026-06-05 05:40:15
17,07:31,Sztorm Szczecin - Biała Białystok,2:0,2026-06-05 05:40:15
16,07:27,Miedź Lubin - Sztorm Szczecin,1:0,2026-06-05 05:30:19
15,07:24,Pyry Poznań - Sztorm Szczecin,0:0,2026-06-05 05:30:19
14,07:20,Sztorm Szczecin - Lwy Gdańsk,2:2,2026-06-05 05:30:19
13,07:16,Wojsko Wrocław - Sztorm Szczecin,2:0,2026-06-05 05:20:11
12,07:13,Sztorm Szczecin - Pasy Kraków,2:2,2026-06-05 05:20:11
11,07:09,Śledzie Gdynia - Sztorm Szczecin,0:1,2026-06-05 05:20:11
10,07:05,Sztorm Szczecin - Żyleta W-wa,0:2,2026-06-05 05:10:11
9,07:02,Rycerze Łódź - Sztorm Szczecin,0:1,2026-06-05 05:10:11
8,06:58,Mutra Lublin - Sztorm Szczecin,0:0,2026-06-05 05:10:11
7,06:54,Sztorm Szczecin - Zieloni Radom,1:0,2026-06-05 05:00:17
6,06:51,Oponki Olsztyn - Sztorm Szczecin,2:1,2026-06-05 05:00:17
5,06:47,Sztorm Szczecin - Niebiescy Opole,1:2,2026-06-05 04:50:13
4,06:43,Gwiazda Kraków - Sztorm Szczecin,3:1,2026-06-05 04:50:13
3,06:40,Sztorm Szczecin - Koguty Zabrze,0:2,2026-06-05 04:50:13
2,06:36,Biała Białystok - Sztorm Szczecin,2:1,2026-06-05 04:40:15
1,06:32,Sztorm Szczecin - Miedź Lubin,0:2,2026-06-05 04:40:15
30,06:27,Miedź Lubin - Sztorm Szczecin,2:0,2026-06-05 04:30:18
29,06:23,Sztorm Szczecin - Biała Białystok,0:2,2026-06-05 04:30:18
28,06:19,Koguty Zabrze - Sztorm Szczecin,2:0,2026-06-05 04:30:18
27,06:16,Sztorm Szczecin - Żyleta W-wa,3:2,2026-06-05 04:20:15
26,06:12,Rycerze Łódź - Sztorm Szczecin,0:1,2026-06-05 04:20:15
25,06:08,Śledzie Gdynia - Sztorm Szczecin,5:0,2026-06-05 04:20:15
24,06:05,Sztorm Szczecin - Zieloni Radom,1:0,2026-06-05 04:10:10
23,06:01,Gwiazda Kraków - Sztorm Szczecin,1:2,2026-06-05 04:10:10
22,05:57,Sztorm Szczecin - Niebiescy Opole,1:1,2026-06-05 04:00:14
21,05:54,Wojsko Wrocław - Sztorm Szczecin,0:2,2026-06-05 04:00:14
20,05:50,Sztorm Szczecin - Oponki Olsztyn,1:1,2026-06-05 04:00:14
19,05:46,Pyry Poznań - Sztorm Szczecin,1:1,2026-06-05 03:50:26
18,05:43,Sztorm Szczecin - Lwy Gdańsk,1:0,2026-06-05 03:50:26
17,05:39,Mutra Lublin - Sztorm Szczecin,0:1,2026-06-05 03:50:26
16,05:35,Sztorm Szczecin - Pasy Kraków,0:1,2026-06-05 03:40:12
15,05:32,Sztorm Szczecin - Miedź Lubin,3:0,2026-06-05 03:40:12
14,05:28,Biała Białystok - Sztorm Szczecin,1:1,2026-06-05 03:40:12
13,05:24,Sztorm Szczecin - Koguty Zabrze,0:2,2026-06-05 03:30:21
12,05:21,Żyleta W-wa - Sztorm Szczecin,4:1,2026-06-05 03:30:21
11,05:17,Sztorm Szczecin - Rycerze Łódź,0:2,2026-06-05 03:20:13
10,05:13,Sztorm Szczecin - Śledzie Gdynia,4:1,2026-06-05 03:20:13
9,05:10,Zieloni Radom - Sztorm Szczecin,1:3,2026-06-05 03:20:13
8,05:06,Sztorm Szczecin - Gwiazda Kraków,0:0,2026-06-05 03:10:14
7,05:02,Niebiescy Opole - Sztorm Szczecin,1:0,2026-06-05 03:10:14
6,04:59,Sztorm Szczecin - Wojsko Wrocław,2:0,2026-06-05 03:10:14
5,04:55,Oponki Olsztyn - Sztorm Szczecin,1:3,2026-06-05 03:00:12
4,04:51,Sztorm Szczecin - Pyry Poznań,1:3,2026-06-05 03:00:12
3,04:48,Lwy Gdańsk - Sztorm Szczecin,3:0,2026-06-05 03:00:12
2,04:44,Sztorm Szczecin - Mutra Lublin,5:1,2026-06-05 02:50:12
1,04:40,Pasy Kraków - Sztorm Szczecin,0:2,2026-06-05 02:50:12
30,04:35,Sztorm Szczecin - Mutra Lublin,3:1,2026-06-05 02:40:12
29,04:31,Sztorm Szczecin - Pasy Kraków,4:0,2026-06-05 02:40:12
28,04:27,Lwy Gdańsk - Sztorm Szczecin,1:0,2026-06-05 02:30:18
27,04:24,Sztorm Szczecin - Zieloni Radom,0:0,2026-06-05 02:30:18
26,04:20,Koguty Zabrze - Sztorm Szczecin,2:2,2026-06-05 02:30:18
25,04:16,Sztorm Szczecin - Żyleta W-wa,3:1,2026-06-05 02:20:11
24,04:13,Biała Białystok - Sztorm Szczecin,1:1,2026-06-05 02:20:11
23,04:09,Sztorm Szczecin - Wojsko Wrocław,1:0,2026-06-05 02:20:11
22,04:05,Oponki Olsztyn - Sztorm Szczecin,1:4,2026-06-05 02:10:15
21,04:02,Sztorm Szczecin - Gwiazda Kraków,3:0,2026-06-05 02:10:15
20,03:58,Pyry Poznań - Sztorm Szczecin,2:2,2026-06-05 02:10:15
19,03:54,Sztorm Szczecin - Śledzie Gdynia,0:2,2026-06-05 02:00:15
18,03:51,Miedź Lubin - Sztorm Szczecin,2:1,2026-06-05 02:00:15
17,03:47,Sztorm Szczecin - Niebiescy Opole,4:0,2026-06-05 01:50:12
16,03:43,Rycerze Łódź - Sztorm Szczecin,2:0,2026-06-05 01:50:12
15,03:40,Mutra Lublin - Sztorm Szczecin,1:0,2026-06-05 01:50:12
14,03:36,Pasy Kraków - Sztorm Szczecin,1:2,2026-06-05 01:40:11
13,03:32,Sztorm Szczecin - Lwy Gdańsk,0:0,2026-06-05 01:40:11
12,03:29,Zieloni Radom - Sztorm Szczecin,2:0,2026-06-05 01:40:11
11,03:25,Sztorm Szczecin - Koguty Zabrze,0:0,2026-06-05 01:30:10
10,03:21,Żyleta W-wa - Sztorm Szczecin,0:0,2026-06-05 01:30:10
9,03:18,Sztorm Szczecin - Biała Białystok,1:2,2026-06-05 01:30:10
8,03:14,Wojsko Wrocław - Sztorm Szczecin,0:0,2026-06-05 01:20:16
7,03:10,Sztorm Szczecin - Oponki Olsztyn,3:0,2026-06-05 01:20:16
6,03:07,Gwiazda Kraków - Sztorm Szczecin,1:0,2026-06-05 01:10:13
5,03:03,Sztorm Szczecin - Pyry Poznań,0:2,2026-06-05 01:10:13
4,02:59,Śledzie Gdynia - Sztorm Szczecin,2:0,2026-06-05 01:10:13
3,02:56,Sztorm Szczecin - Miedź Lubin,0:3,2026-06-05 01:00:18
2,02:52,Niebiescy Opole - Sztorm Szczecin,0:1,2026-06-05 01:00:18
1,02:48,Sztorm Szczecin - Rycerze Łódź,1:0,2026-06-05 01:00:18
30,02:43,Sztorm Szczecin - Oponki Olsztyn,2:0,2026-06-05 00:50:15
29,02:39,Koguty Zabrze - Sztorm Szczecin,1:0,2026-06-05 00:50:15
28,02:35,Sztorm Szczecin - Pyry Poznań,0:1,2026-06-05 00:40:15
27,02:32,Rycerze Łódź - Sztorm Szczecin,0:0,2026-06-05 00:40:15
26,02:28,Sztorm Szczecin - Śledzie Gdynia,0:1,2026-06-05 00:40:16
25,02:24,Niebiescy Opole - Sztorm Szczecin,1:2,2026-06-05 00:30:20
24,02:21,Sztorm Szczecin - Żyleta W-wa,0:2,2026-06-05 00:30:20
23,02:17,Zieloni Radom - Sztorm Szczecin,1:1,2026-06-05 00:20:11
22,02:13,Sztorm Szczecin - Gwiazda Kraków,1:1,2026-06-05 00:20:11
21,02:10,Sztorm Szczecin - Pasy Kraków,0:1,2026-06-05 00:20:11
20,02:06,Miedź Lubin - Sztorm Szczecin,1:0,2026-06-05 00:10:17
19,02:02,Sztorm Szczecin - Lwy Gdańsk,0:2,2026-06-05 00:10:17
18,01:59,Mutra Lublin - Sztorm Szczecin,1:0,2026-06-05 00:10:17
17,01:55,Sztorm Szczecin - Biała Białystok,1:3,2026-06-05 00:00:12
16,01:51,Wojsko Wrocław - Sztorm Szczecin,3:0,2026-06-05 00:00:12
15,01:48,Oponki Olsztyn - Sztorm Szczecin,1:1,2026-06-05 00:00:12
14,01:44,Sztorm Szczecin - Koguty Zabrze,0:2,2026-06-04 23:50:11
13,01:40,Pyry Poznań - Sztorm Szczecin,2:0,2026-06-04 23:50:11
12,01:37,Sztorm Szczecin - Rycerze Łódź,0:1,2026-06-04 23:40:39
11,01:33,Śledzie Gdynia - Sztorm Szczecin,3:1,2026-06-04 23:40:39
10,01:29,Sztorm Szczecin - Niebiescy Opole,5:1,2026-06-04 23:40:39
9,01:26,Żyleta W-wa - Sztorm Szczecin,3:2,2026-06-04 23:30:12
8,01:22,Sztorm Szczecin - Zieloni Radom,0:0,2026-06-04 23:30:12
7,01:18,Gwiazda Kraków - Sztorm Szczecin,1:0,2026-06-04 23:30:12
6,01:15,Pasy Kraków - Sztorm Szczecin,3:3,2026-06-04 23:20:11
5,01:11,Sztorm Szczecin - Miedź Lubin,2:4,2026-06-04 23:20:11
4,01:07,Lwy Gdańsk - Sztorm Szczecin,3:0,2026-06-04 23:10:12
3,01:04,Sztorm Szczecin - Mutra Lublin,1:0,2026-06-04 23:10:12
2,01:00,Biała Białystok - Sztorm Szczecin,1:0,2026-06-04 23:10:12
1,00:56,Sztorm Szczecin - Wojsko Wrocław,4:1,2026-06-04 23:00:15
30,00:51,Sztorm Szczecin - Śledzie Gdynia,1:0,2026-06-04 23:00:15
29,00:47,Pasy Kraków - Sztorm Szczecin,0:2,2026-06-04 22:50:13
28,00:43,Sztorm Szczecin - Mutra Lublin,2:0,2026-06-04 22:50:13
27,00:40,Oponki Olsztyn - Sztorm Szczecin,1:2,2026-06-04 22:50:13
26,00:36,Sztorm Szczecin - Rycerze Łódź,5:0,2026-06-04 22:40:14
25,00:32,Zieloni Radom - Sztorm Szczecin,0:2,2026-06-04 22:40:14
24,00:29,Sztorm Szczecin - Wojsko Wrocław,2:1,2026-06-04 22:40:14
23,00:25,Sztorm Szczecin - Pyry Poznań,1:0,2026-06-04 22:30:17
22,00:21,Lwy Gdańsk - Sztorm Szczecin,2:1,2026-06-04 22:30:17
21,00:18,Sztorm Szczecin - Żyleta W-wa,2:2,2026-06-04 22:30:17
20,00:14,Niebiescy Opole - Sztorm Szczecin,0:1,2026-06-04 22:20:14
19,00:10,Sztorm Szczecin - Gwiazda Kraków,0:0,2026-06-04 22:20:14
18,00:07,Miedź Lubin - Sztorm Szczecin,0:0,2026-06-04 22:10:13
17,00:03,Sztorm Szczecin - Biała Białystok,1:0,2026-06-04 22:10:13
16,23:59,Koguty Zabrze - Sztorm Szczecin,1:2,2026-06-04 22:10:13
15,23:56,Śledzie Gdynia - Sztorm Szczecin,1:0,2026-06-04 22:00:16
14,23:52,Sztorm Szczecin - Pasy Kraków,0:1,2026-06-04 22:00:16
13,23:48,Mutra Lublin - Sztorm Szczecin,1:1,2026-06-04 22:00:16
12,23:45,Sztorm Szczecin - Oponki Olsztyn,1:1,2026-06-04 21:50:15
11,23:41,Rycerze Łódź - Sztorm Szczecin,1:0,2026-06-04 21:50:15
10,23:37,Sztorm Szczecin - Zieloni Radom,2:1,2026-06-04 21:40:13
9,23:34,Wojsko Wrocław - Sztorm Szczecin,1:2,2026-06-04 21:40:13
8,23:30,Pyry Poznań - Sztorm Szczecin,0:2,2026-06-04 21:40:13
7,23:26,Sztorm Szczecin - Lwy Gdańsk,4:1,2026-06-04 21:30:16
6,23:23,Żyleta W-wa - Sztorm Szczecin,2:0,2026-06-04 21:30:16
5,23:19,Sztorm Szczecin - Niebiescy Opole,0:1,2026-06-04 21:30:16
4,23:15,Gwiazda Kraków - Sztorm Szczecin,0:1,2026-06-04 21:20:13
3,23:12,Sztorm Szczecin - Miedź Lubin,1:1,2026-06-04 21:20:13
2,23:08,Biała Białystok - Sztorm Szczecin,1:0,2026-06-04 21:20:13
1,23:04,Sztorm Szczecin - Koguty Zabrze,1:0,2026-06-04 21:10:12
30,22:59,Rycerze Łódź - Sztorm Szczecin,0:0,2026-06-04 21:10:12
29,22:55,Sztorm Szczecin - Niebiescy Opole,1:0,2026-06-04 21:00:14
28,22:51,Pyry Poznań - Sztorm Szczecin,2:0,2026-06-04 21:00:14
27,22:48,Sztorm Szczecin - Oponki Olsztyn,1:2,2026-06-04 21:00:14
26,22:44,Żyleta W-wa - Sztorm Szczecin,3:0,2026-06-04 20:50:20
25,22:40,Sztorm Szczecin - Lwy Gdańsk,2:0,2026-06-04 20:50:20
24,22:37,Koguty Zabrze - Sztorm Szczecin,2:2,2026-06-04 20:40:17
23,22:33,Sztorm Szczecin - Miedź Lubin,2:1,2026-06-04 20:40:17
22,22:29,Wojsko Wrocław - Sztorm Szczecin,1:2,2026-06-04 20:32:30
21,22:26,Zieloni Radom - Sztorm Szczecin,0:0,2026-06-04 20:32:30
20,22:22,Sztorm Szczecin - Gwiazda Kraków,3:1,2026-06-04 20:32:30
19,22:18,Mutra Lublin - Sztorm Szczecin,1:1,2026-06-04 20:32:30
18,22:15,Sztorm Szczecin - Pasy Kraków,2:1,2026-06-04 20:20:14
17,22:11,Śledzie Gdynia - Sztorm Szczecin,0:0,2026-06-04 20:20:14
16,22:07,Sztorm Szczecin - Biała Białystok,2:0,2026-06-04 20:10:13
15,22:04,Sztorm Szczecin - Rycerze Łódź,2:0,2026-06-04 20:10:13
14,22:00,Niebiescy Opole - Sztorm Szczecin,3:2,2026-06-04 20:10:13
13,21:56,Sztorm Szczecin - Pyry Poznań,0:2,2026-06-04 20:00:11
12,21:53,Oponki Olsztyn - Sztorm Szczecin,0:1,2026-06-04 20:00:11
11,21:49,Sztorm Szczecin - Żyleta W-wa,2:3,2026-06-04 20:00:11
10,21:45,Lwy Gdańsk - Sztorm Szczecin,1:2,2026-06-04 19:50:16
9,21:42,Sztorm Szczecin - Koguty Zabrze,0:0,2026-06-04 19:50:16
8,21:38,Miedź Lubin - Sztorm Szczecin,2:1,2026-06-04 19:41:25
7,21:34,Sztorm Szczecin - Wojsko Wrocław,2:1,2026-06-04 19:41:25
6,21:31,Sztorm Szczecin - Zieloni Radom,2:0,2026-06-04 19:41:25
5,21:27,Gwiazda Kraków - Sztorm Szczecin,1:2,2026-06-04 19:30:11
4,21:23,Sztorm Szczecin - Mutra Lublin,1:1,2026-06-04 19:30:11
3,21:20,Pasy Kraków - Sztorm Szczecin,1:0,2026-06-04 19:30:11
2,21:16,Sztorm Szczecin - Śledzie Gdynia,1:1,2026-06-04 19:20:17
1,21:12,Biała Białystok - Sztorm Szczecin,3:0,2026-06-04 19:20:17
30,21:07,Sztorm Szczecin - Koguty Zabrze,0:1,2026-06-04 19:10:12
29,21:03,Wojsko Wrocław - Sztorm Szczecin,2:1,2026-06-04 19:10:12
28,20:59,Sztorm Szczecin - Niebiescy Opole,2:2,2026-06-04 19:10:12
27,20:56,Miedź Lubin - Sztorm Szczecin,3:0,2026-06-04 19:00:21
26,20:52,Sztorm Szczecin - Mutra Lublin,0:1,2026-06-04 19:00:21
25,20:48,Rycerze Łódź - Sztorm Szczecin,0:0,2026-06-04 19:00:21
24,20:45,Sztorm Szczecin - Śledzie Gdynia,2:3,2026-06-04 18:50:14
23,20:41,Sztorm Szczecin - Żyleta W-wa,2:2,2026-06-04 18:50:14
22,20:37,Lwy Gdańsk - Sztorm Szczecin,2:0,2026-06-04 18:40:13
21,20:34,Sztorm Szczecin - Biała Białystok,0:1,2026-06-04 18:40:13
20,20:30,Gwiazda Kraków - Sztorm Szczecin,2:0,2026-06-04 18:40:13
19,20:26,Sztorm Szczecin - Pasy Kraków,1:0,2026-06-04 18:30:20
18,20:23,Zieloni Radom - Sztorm Szczecin,0:2,2026-06-04 18:30:20
17,20:19,Sztorm Szczecin - Pyry Poznań,0:2,2026-06-04 18:30:20
16,20:15,Oponki Olsztyn - Sztorm Szczecin,1:3,2026-06-04 18:20:14
15,20:12,Koguty Zabrze - Sztorm Szczecin,1:1,2026-06-04 18:20:14
14,20:08,Sztorm Szczecin - Wojsko Wrocław,3:2,2026-06-04 18:20:14
13,20:04,Niebiescy Opole - Sztorm Szczecin,1:0,2026-06-04 18:10:17
12,20:01,Sztorm Szczecin - Miedź Lubin,3:1,2026-06-04 18:10:17
11,19:57,Mutra Lublin - Sztorm Szczecin,0:1,2026-06-04 18:00:20
10,19:53,Sztorm Szczecin - Rycerze Łódź,2:0,2026-06-04 18:00:20
9,19:50,Śledzie Gdynia - Sztorm Szczecin,2:0,2026-06-04 18:00:20
8,19:46,Żyleta W-wa - Sztorm Szczecin,3:0,2026-06-04 17:50:16
7,19:42,Sztorm Szczecin - Lwy Gdańsk,0:0,2026-06-04 17:50:16
6,19:39,Biała Białystok - Sztorm Szczecin,0:0,2026-06-04 17:50:16
5,19:35,Sztorm Szczecin - Gwiazda Kraków,1:1,2026-06-04 17:40:12
4,19:31,Pasy Kraków - Sztorm Szczecin,0:2,2026-06-04 17:40:12
3,19:28,Sztorm Szczecin - Zieloni Radom,1:1,2026-06-04 17:40:12
2,19:24,Pyry Poznań - Sztorm Szczecin,0:0,2026-06-04 17:30:19
1,19:20,Sztorm Szczecin - Oponki Olsztyn,0:2,2026-06-04 17:30:19
30,19:15,Sztorm Szczecin - Pyry Poznań,1:1,2026-06-04 17:20:13
29,19:11,Rycerze Łódź - Sztorm Szczecin,0:2,2026-06-04 17:20:13
28,19:07,Sztorm Szczecin - Wojsko Wrocław,0:0,2026-06-04 17:10:15
27,19:04,Pasy Kraków - Sztorm Szczecin,0:2,2026-06-04 17:10:15
26,19:00,Sztorm Szczecin - Koguty Zabrze,0:0,2026-06-04 17:10:15
25,18:56,Biała Białystok - Sztorm Szczecin,1:1,2026-06-04 17:00:13
24,18:53,Sztorm Szczecin - Mutra Lublin,3:1,2026-06-04 17:00:13
23,18:49,Sztorm Szczecin - Gwiazda Kraków,1:1,2026-06-04 17:00:13
22,18:45,Zieloni Radom - Sztorm Szczecin,2:1,2026-06-04 16:50:14
21,18:42,Sztorm Szczecin - Śledzie Gdynia,1:0,2026-06-04 16:50:14
20,18:38,Niebiescy Opole - Sztorm Szczecin,1:0,2026-06-04 16:50:14
19,18:34,Sztorm Szczecin - Miedź Lubin,2:0,2026-06-04 16:40:17
18,18:31,Oponki Olsztyn - Sztorm Szczecin,2:2,2026-06-04 16:40:17
17,18:27,Sztorm Szczecin - Lwy Gdańsk,0:1,2026-06-04 16:30:14
16,18:23,Żyleta W-wa - Sztorm Szczecin,1:2,2026-06-04 16:30:14
15,18:20,Pyry Poznań - Sztorm Szczecin,2:1,2026-06-04 16:30:14
14,18:16,Sztorm Szczecin - Rycerze Łódź,0:1,2026-06-04 16:20:50
13,18:12,Wojsko Wrocław - Sztorm Szczecin,0:4,2026-06-04 16:20:50
12,18:09,Sztorm Szczecin - Pasy Kraków,1:1,2026-06-04 16:20:50
11,18:05,Koguty Zabrze - Sztorm Szczecin,0:0,2026-06-04 16:10:13
10,18:01,Sztorm Szczecin - Biała Białystok,2:0,2026-06-04 16:10:13
9,17:58,Mutra Lublin - Sztorm Szczecin,0:1,2026-06-04 16:10:13
8,17:54,Gwiazda Kraków - Sztorm Szczecin,1:1,2026-06-04 16:00:14
7,17:50,Sztorm Szczecin - Zieloni Radom,2:1,2026-06-04 16:00:14
6,17:47,Śledzie Gdynia - Sztorm Szczecin,2:3,2026-06-04 16:00:14
5,17:43,Sztorm Szczecin - Niebiescy Opole,2:1,2026-06-04 16:00:14
4,17:39,Miedź Lubin - Sztorm Szczecin,2:0,2026-06-04 16:00:14
6,16:47,Śledzie Gdynia - Sztorm Szczecin,2:3,2026-06-04 15:50:54
5,16:43,Sztorm Szczecin - Niebiescy Opole,2:1,2026-06-04 15:50:54
4,16:39,Miedź Lubin - Sztorm Szczecin,2:0,2026-06-04 15:50:54
3,16:36,Sztorm Szczecin - Oponki Olsztyn,2:1,2026-06-04 15:50:54
2,16:32,Lwy Gdańsk - Sztorm Szczecin,1:1,2026-06-04 15:50:54
3,17:36,Sztorm Szczecin - Oponki Olsztyn,2:1,2026-06-04 15:40:12
2,17:32,Lwy Gdańsk - Sztorm Szczecin,1:1,2026-06-04 15:40:12
1,17:28,Sztorm Szczecin - Żyleta W-wa,1:0,2026-06-04 15:40:12
30,17:23,Pasy Kraków - Sztorm Szczecin,1:2,2026-06-04 15:30:09
29,17:19,Sztorm Szczecin - Niebiescy Opole,1:0,2026-06-04 15:30:09
28,17:15,Zieloni Radom - Sztorm Szczecin,2:3,2026-06-04 15:20:52
27,17:12,Sztorm Szczecin - Gwiazda Kraków,1:1,2026-06-04 15:20:52
26,17:08,Koguty Zabrze - Sztorm Szczecin,0:1,2026-06-04 15:20:52
25,17:04,Sztorm Szczecin - Żyleta W-wa,0:3,2026-06-04 15:10:17
24,17:01,Rycerze Łódź - Sztorm Szczecin,2:2,2026-06-04 15:10:17
23,16:57,Sztorm Szczecin - Miedź Lubin,1:0,2026-06-04 15:00:13
22,16:53,Biała Białystok - Sztorm Szczecin,0:0,2026-06-04 15:00:13
21,16:50,Sztorm Szczecin - Oponki Olsztyn,1:0,2026-06-04 15:00:13
20,16:46,Śledzie Gdynia - Sztorm Szczecin,1:2,2026-06-04 14:50:14
19,16:42,Sztorm Szczecin - Pyry Poznań,3:3,2026-06-04 14:50:14
18,16:39,Lwy Gdańsk - Sztorm Szczecin,0:0,2026-06-04 14:50:14
17,16:35,Sztorm Szczecin - Mutra Lublin,1:0,2026-06-04 14:40:17
16,16:31,Wojsko Wrocław - Sztorm Szczecin,1:1,2026-06-04 14:40:17
15,16:28,Sztorm Szczecin - Pasy Kraków,1:2,2026-06-04 14:40:17
14,16:24,Niebiescy Opole - Sztorm Szczecin,1:2,2026-06-04 14:30:18
13,16:20,Sztorm Szczecin - Zieloni Radom,1:1,2026-06-04 14:30:18
12,16:17,Gwiazda Kraków - Sztorm Szczecin,0:0,2026-06-04 14:20:20
11,16:13,Sztorm Szczecin - Koguty Zabrze,2:3,2026-06-04 14:20:20
10,16:09,Żyleta W-wa - Sztorm Szczecin,0:0,2026-06-04 14:20:20
9,16:06,Sztorm Szczecin - Rycerze Łódź,3:1,2026-06-04 14:10:20
8,16:02,Miedź Lubin - Sztorm Szczecin,3:0,2026-06-04 14:10:20
7,15:58,Sztorm Szczecin - Biała Białystok,0:1,2026-06-04 14:10:20
6,15:55,Oponki Olsztyn - Sztorm Szczecin,1:1,2026-06-04 14:00:29
5,15:51,Sztorm Szczecin - Śledzie Gdynia,0:0,2026-06-04 14:00:29
4,15:47,Pyry Poznań - Sztorm Szczecin,3:1,2026-06-04 13:51:57
3,15:44,Sztorm Szczecin - Lwy Gdańsk,1:0,2026-06-04 13:51:57
2,15:40,Mutra Lublin - Sztorm Szczecin,0:3,2026-06-04 13:51:57
1,15:36,Sztorm Szczecin - Wojsko Wrocław,2:0,2026-06-04 13:40:10
30,15:31,Żyleta W-wa - Sztorm Szczecin,4:0,2026-06-04 13:40:10
29,15:27,Sztorm Szczecin - Rycerze Łódź,1:0,2026-06-04 13:30:16
28,15:23,Mutra Lublin - Sztorm Szczecin,1:2,2026-06-04 13:30:16
27,15:20,Sztorm Szczecin - Wojsko Wrocław,0:0,2026-06-04 13:30:16
26,15:16,Miedź Lubin - Sztorm Szczecin,3:2,2026-06-04 13:20:10
25,15:12,Sztorm Szczecin - Lwy Gdańsk,1:1,2026-06-04 13:20:10
24,15:09,Pyry Poznań - Sztorm Szczecin,1:1,2026-06-04 13:20:10
23,15:05,Sztorm Szczecin - Śledzie Gdynia,1:1,2026-06-04 13:10:14
22,15:01,Oponki Olsztyn - Sztorm Szczecin,0:1,2026-06-04 13:10:14
21,14:58,Sztorm Szczecin - Zieloni Radom,1:1,2026-06-04 13:10:14
20,14:54,Niebiescy Opole - Sztorm Szczecin,0:2,2026-06-04 13:00:16
19,14:50,Sztorm Szczecin - Biała Białystok,1:4,2026-06-04 13:00:16
18,14:47,Pasy Kraków - Sztorm Szczecin,0:1,2026-06-04 12:50:23
17,14:43,Sztorm Szczecin - Gwiazda Kraków,0:0,2026-06-04 12:50:23
16,14:39,Koguty Zabrze - Sztorm Szczecin,1:2,2026-06-04 12:50:23
15,14:36,Sztorm Szczecin - Żyleta W-wa,0:3,2026-06-04 12:40:16
14,14:32,Rycerze Łódź - Sztorm Szczecin,1:1,2026-06-04 12:40:16
13,14:28,Sztorm Szczecin - Mutra Lublin,1:1,2026-06-04 12:40:16
12,14:25,Wojsko Wrocław - Sztorm Szczecin,0:1,2026-06-04 12:30:14
11,14:21,Sztorm Szczecin - Miedź Lubin,2:0,2026-06-04 12:30:14
10,14:17,Lwy Gdańsk - Sztorm Szczecin,1:1,2026-06-04 12:20:40
9,14:14,Sztorm Szczecin - Pyry Poznań,2:1,2026-06-04 12:20:40
8,14:10,Śledzie Gdynia - Sztorm Szczecin,2:2,2026-06-04 12:20:40
7,14:06,Sztorm Szczecin - Oponki Olsztyn,1:1,2026-06-04 12:10:15
6,14:03,Zieloni Radom - Sztorm Szczecin,1:3,2026-06-04 12:10:15
5,13:59,Sztorm Szczecin - Niebiescy Opole,2:0,2026-06-04 12:10:15
4,13:55,Biała Białystok - Sztorm Szczecin,1:0,2026-06-04 12:00:35
3,13:52,Sztorm Szczecin - Pasy Kraków,3:3,2026-06-04 12:00:35
2,13:48,Gwiazda Kraków - Sztorm Szczecin,1:0,2026-06-04 12:00:35
1,13:44,Sztorm Szczecin - Koguty Zabrze,1:1,2026-06-04 11:50:34
30,13:39,Sztorm Szczecin - Pyry Poznań,1:1,2026-06-04 11:50:34
29,13:35,Sztorm Szczecin - Biała Białystok,1:1,2026-06-04 11:40:13
28,13:31,Gwiazda Kraków - Sztorm Szczecin,1:4,2026-06-04 11:40:13
27,13:28,Sztorm Szczecin - Zieloni Radom,0:0,2026-06-04 11:40:13
26,13:24,Lwy Gdańsk - Sztorm Szczecin,2:0,2026-06-04 11:30:18
25,13:20,Sztorm Szczecin - Koguty Zabrze,3:1,2026-06-04 11:30:18
24,13:17,Pasy Kraków - Sztorm Szczecin,1:2,2026-06-04 11:20:17
23,13:13,Sztorm Szczecin - Wojsko Wrocław,1:1,2026-06-04 11:20:17
22,13:09,Rycerze Łódź - Sztorm Szczecin,0:1,2026-06-04 11:20:17
21,13:06,Sztorm Szczecin - Mutra Lublin,1:0,2026-06-04 11:10:14
20,13:02,Miedź Lubin - Sztorm Szczecin,2:1,2026-06-04 11:10:14
19,12:58,Sztorm Szczecin - Żyleta W-wa,1:3,2026-06-04 11:10:14
18,12:55,Śledzie Gdynia - Sztorm Szczecin,1:1,2026-06-04 11:00:12
17,12:51,Sztorm Szczecin - Oponki Olsztyn,1:1,2026-06-04 11:00:12
16,12:47,Niebiescy Opole - Sztorm Szczecin,1:1,2026-06-04 10:50:17
15,12:44,Pyry Poznań - Sztorm Szczecin,2:0,2026-06-04 10:50:17
14,12:40,Biała Białystok - Sztorm Szczecin,0:0,2026-06-04 10:50:17
13,12:36,Sztorm Szczecin - Gwiazda Kraków,0:2,2026-06-04 10:40:37
12,12:33,Zieloni Radom - Sztorm Szczecin,0:2,2026-06-04 10:40:37
11,12:29,Sztorm Szczecin - Lwy Gdańsk,1:0,2026-06-04 10:34:18
10,12:25,Koguty Zabrze - Sztorm Szczecin,2:3,2026-06-04 10:34:18
9,12:22,Sztorm Szczecin - Pasy Kraków,3:0,2026-06-04 10:34:18
8,12:18,Wojsko Wrocław - Sztorm Szczecin,2:1,2026-06-04 10:34:18
7,12:14,Sztorm Szczecin - Rycerze Łódź,1:0,2026-06-04 10:34:18
12,00:57,Gwiazda Kraków - Sztorm Szczecin,2:0,2026-06-04 04:59:42
11,00:53,Sztorm Szczecin - Pasy Kraków,0:5,2026-06-04 04:59:42
10,00:49,Sztorm Szczecin - Mutra Lublin,1:0,2026-06-04 04:59:42
9,00:46,Żyleta W-wa - Sztorm Szczecin,1:0,2026-06-04 04:59:42
8,00:42,Sztorm Szczecin - Oponki Olsztyn,1:2,2026-06-04 04:59:42
23,18:01,Sztorm Szczecin - Pyry Poznań,0:0,2026-06-04 00:03:46
22,17:57,Zieloni Radom - Sztorm Szczecin,1:0,2026-06-04 00:03:46
21,17:54,Sztorm Szczecin - Rycerze Łódź,0:1,2026-06-04 00:03:46
20,17:50,Gwiazda Kraków - Sztorm Szczecin,1:1,2026-06-04 00:03:46
19,17:46,Sztorm Szczecin - Lwy Gdańsk,0:1,2026-06-04 00:03:46
24,18:13,Pyry Poznań - Sztorm Szczecin,5:2,2026-06-03 22:16:06
23,18:09,Sztorm Szczecin - Mutra Lublin,1:1,2026-06-03 22:16:06
22,18:05,Miedź Lubin - Sztorm Szczecin,1:1,2026-06-03 22:16:06
21,18:02,Śledzie Gdynia - Sztorm Szczecin,3:1,2026-06-03 22:16:06
20,17:58,Sztorm Szczecin - Niebiescy Opole,3:0,2026-06-03 22:16:06
12,12:37,Wojsko Wrocław - Sztorm Szczecin,1:0,2026-06-03 19:41:24
11,12:33,Sztorm Szczecin - Śledzie Gdynia,1:0,2026-06-03 19:41:24
10,12:29,Rycerze Łódź - Sztorm Szczecin,2:0,2026-06-03 19:41:24
9,12:26,Sztorm Szczecin - Zieloni Radom,3:0,2026-06-03 19:41:24
8,12:22,Sztorm Szczecin - Koguty Zabrze,0:0,2026-06-03 19:41:24
11,11:49,Miedź Lubin - Sztorm Szczecin,2:0,2026-06-03 15:54:30
10,11:45,Sztorm Szczecin - Żyleta W-wa,2:1,2026-06-03 15:54:30
9,11:42,Niebiescy Opole - Sztorm Szczecin,0:0,2026-06-03 15:54:30
8,11:38,Sztorm Szczecin - Śledzie Gdynia,1:0,2026-06-03 15:54:30
7,11:34,Zieloni Radom - Sztorm Szczecin,0:0,2026-06-03 15:54:30
20,01:02,Gwiazda Kraków - Sztorm Szczecin,2:2,2026-06-03 07:04:46
19,00:58,Sztorm Szczecin - Wojsko Wrocław,0:0,2026-06-03 07:04:46
18,00:55,Zieloni Radom - Sztorm Szczecin,2:1,2026-06-03 07:04:46
17,00:51,Miedź Lubin - Sztorm Szczecin,1:0,2026-06-03 07:04:46
16,00:47,Sztorm Szczecin - Biała Białystok,1:2,2026-06-03 07:04:46
29,19:59,Sztorm Szczecin - Biała Białystok,1:2,2026-06-03 02:02:50
28,19:55,Mutra Lublin - Sztorm Szczecin,1:2,2026-06-03 02:02:50
27,19:52,Sztorm Szczecin - Miedź Lubin,0:0,2026-06-03 02:02:50
26,19:48,Rycerze Łódź - Sztorm Szczecin,0:0,2026-06-03 02:02:50
25,19:44,Sztorm Szczecin - Gwiazda Kraków,2:1,2026-06-03 02:02:50
15,17:16,Lwy Gdańsk - Sztorm Szczecin,0:0,2026-06-02 23:19:29
14,17:12,Sztorm Szczecin - Zieloni Radom,1:1,2026-06-02 23:19:29
13,17:08,Śledzie Gdynia - Sztorm Szczecin,0:0,2026-06-02 23:19:29
12,17:05,Sztorm Szczecin - Niebiescy Opole,1:1,2026-06-02 23:19:29
11,17:01,Mutra Lublin - Sztorm Szczecin,1:2,2026-06-02 23:19:29
17,14:31,Sztorm Szczecin - Wojsko Wrocław,0:0,2026-06-02 21:35:29
16,14:27,Zieloni Radom - Sztorm Szczecin,2:2,2026-06-02 21:35:29
15,14:24,Miedź Lubin - Sztorm Szczecin,0:1,2026-06-02 21:35:29
14,14:20,Sztorm Szczecin - Koguty Zabrze,1:1,2026-06-02 21:35:29
13,14:16,Śledzie Gdynia - Sztorm Szczecin,0:0,2026-06-02 21:35:29
2,12:44,Sztorm Szczecin - Koguty Zabrze,3:1,2026-06-02 18:48:47
1,12:40,Gwiazda Kraków - Sztorm Szczecin,1:0,2026-06-02 18:48:47
30,12:35,Sztorm Szczecin - Biała Białystok,1:0,2026-06-02 18:48:47
29,12:31,Zieloni Radom - Sztorm Szczecin,3:0,2026-06-02 18:48:47
28,12:27,Sztorm Szczecin - Żyleta W-wa,1:2,2026-06-02 18:48:47
28,14:27,Sztorm Szczecin - Żyleta W-wa,1:2,2026-06-02 18:32:58
27,14:24,Gwiazda Kraków - Sztorm Szczecin,1:0,2026-06-02 18:32:58
26,14:20,Sztorm Szczecin - Pasy Kraków,0:0,2026-06-02 18:32:58
25,14:16,Wojsko Wrocław - Sztorm Szczecin,3:1,2026-06-02 18:32:58
24,14:13,Sztorm Szczecin - Niebiescy Opole,1:0,2026-06-02 18:32:58
